{
  "title": "DND5E职业包",
  "description": "<p>包含了职业表和按环分类的法术包，方便车卡，包含部分UA规则，DM可以根据需要进行修改。BUG反馈与建议：Q群1083272094</p><p><b>注意：需要搭配 FVTT v11 与 DND5e v3.0.0以上版本使用</b></p>",
  "version": "4.0.2",
  "authors": [
    {
      "name": "classpack社区",
      "url": "https://github.com/HJSmile/classpack"
    }
  ],
  "packs": [
    {
      "name": "rtable",
      "label": "随机表",
      "path": "packs/rtable",
      "type": "RollTable",
      "system": "dnd5e",
      "ownership": {
        "PLAYER": "OBSERVER",
        "ASSISTANT": "OWNER"
      }
    },
    {
      "name": "moditems",
      "label": "模组物品",
      "path": "packs/moditems",
      "type": "Item",
      "system": "dnd5e",
      "ownership": {
        "PLAYER": "OBSERVER",
        "ASSISTANT": "OWNER"
      }
    },
    {
      "name": "loots",
      "label": "DMG宝石与艺术品",
      "path": "packs/loots",
      "type": "Item",
      "system": "dnd5e",
      "ownership": {
        "PLAYER": "OBSERVER",
        "ASSISTANT": "OWNER"
      }
    },
    {
      "name": "extra-ability",
      "label": "扩展职业特性",
      "path": "packs/extra-ability",
      "type": "Item",
      "system": "dnd5e",
      "ownership": {
        "PLAYER": "OBSERVER",
        "ASSISTANT": "OWNER"
      }
    },
    {
      "name": "class-table",
      "label": "职业表",
      "path": "packs/class-table",
      "type": "JournalEntry",
      "system": "dnd5e",
      "ownership": {
        "PLAYER": "OBSERVER",
        "ASSISTANT": "OWNER"
      }
    },
    {
      "name": "classes-new",
      "label": "职业列表",
      "path": "packs/classes-new",
      "type": "Item",
      "system": "dnd5e",
      "ownership": {
        "PLAYER": "OBSERVER",
        "ASSISTANT": "OWNER"
      }
    },
    {
      "name": "class-abilityphb",
      "label": "PHB职业特性",
      "path": "packs/class-abilityphb",
      "type": "Item",
      "system": "dnd5e",
      "ownership": {
        "PLAYER": "OBSERVER",
        "ASSISTANT": "OWNER"
      }
    },
    {
      "name": "new-icon",
      "label": "法术",
      "path": "packs/new-icon",
      "type": "Item",
      "system": "dnd5e",
      "ownership": {
        "PLAYER": "OBSERVER",
        "ASSISTANT": "OWNER"
      }
    },
    {
      "name": "racial-traits",
      "label": "种族特性",
      "path": "packs/racial-traits",
      "type": "Item",
      "system": "dnd5e",
      "ownership": {
        "PLAYER": "OBSERVER",
        "ASSISTANT": "OWNER"
      }
    },
    {
      "name": "races",
      "label": "种族",
      "path": "packs/races",
      "type": "JournalEntry",
      "system": "dnd5e",
      "ownership": {
        "PLAYER": "OBSERVER",
        "ASSISTANT": "OWNER"
      }
    },
    {
      "name": "itempack",
      "label": "DMG与PHB物品",
      "path": "packs/itempack",
      "type": "Item",
      "system": "dnd5e",
      "ownership": {
        "PLAYER": "OBSERVER",
        "ASSISTANT": "OWNER"
      }
    },
    {
      "name": "spell-table",
      "label": "法术表",
      "path": "packs/spell-table",
      "type": "JournalEntry",
      "system": "dnd5e",
      "ownership": {
        "PLAYER": "OBSERVER",
        "ASSISTANT": "OWNER"
      }
    },
    {
      "name": "feats-all",
      "label": "专长",
      "path": "packs/feats-all",
      "type": "Item",
      "system": "dnd5e",
      "ownership": {
        "PLAYER": "OBSERVER",
        "ASSISTANT": "OWNER"
      }
    },
    {
      "name": "subclass",
      "label": "子职列表",
      "path": "packs/subclass",
      "type": "Item",
      "system": "dnd5e",
      "ownership": {
        "PLAYER": "OBSERVER",
        "ASSISTANT": "OWNER"
      }
    },
    {
      "name": "BackgroundList",
      "label": "背景列表",
      "path": "packs/BackgroundList",
      "type": "Item",
      "system": "dnd5e",
      "ownership": {
        "PLAYER": "OBSERVER",
        "ASSISTANT": "OWNER"
      }
    },
    {
      "name": "BackgroundFeature",
      "label": "背景特性",
      "path": "packs/BackgroundFeature",
      "type": "Item",
      "system": "dnd5e",
      "ownership": {
        "PLAYER": "OBSERVER",
        "ASSISTANT": "OWNER"
      }
    },
    {
      "name": "monsterspack",
      "label": "怪物（SRD）",
      "path": "packs/monsterspack",
      "type": "Actor",
      "system": "dnd5e",
      "ownership": {
        "PLAYER": "OBSERVER",
        "ASSISTANT": "OWNER"
      }
    },
    {
      "name": "races-item",
      "label": "种族",
      "path": "packs/races-item",
      "type": "Item",
      "ownership": {
        "PLAYER": "OBSERVER",
        "ASSISTANT": "OWNER"
      },
      "system": "dnd5e"
    }
  ],
  "url": "https://github.com/HJSmile/classpack",
  "compatibility": {
    "minimum": "11",
    "verified": "12",
    "maximum": "12"
  },
  "manifest": "https://raw.githubusercontent.com/HJSmile/classpack/master/dnd5e_classpack/module.json",
  "download": "https://github.com/HJSmile/classpack/raw/master/dnd5e_classpack.zip",
  "id": "dnd5e_classpack",
  "relationships": {
    "relationships": {
      "systems": [
        {
          "id": "dnd5e",
          "type": "system",
          "compatibility": {
            "minimum": "4.0.0"
          }
        }
      ],
      "recommends": [
        {
          "id": "dnd5e_DMTools",
          "type": "module",
          "manifest": "https://raw.githubusercontent.com/feederze/DMTools/main/module.json",
          "compatibility": {}
        }
      ]
    }
  }