{
  "name": "dnd5e_classpack",
  "title": "DND5E职业包",
  "description": "包含了职业表和按环分类的法术包，方便车卡，包含部分UA规则，DM可以根据需要进行修改",
  "version": "1.0.22",
  "author": "classpack社区",
  "systems": ["dnd5e"],
  "scripts": [],
  "styles": [],
  "packs": [
    {
      "label": "牧师戏法 ",
      "entity": "Item",
      "name": "cleric-cantrips",
      "path": "packs/cleric-cantrips.db",
      "system": "dnd5e"
    },
    {
      "label": "牧师1环法术",
      "entity": "Item",
      "name": "cleric-spell-level-1",
      "path": "packs/cleric-spell-level-1.db",
      "system": "dnd5e"
    },
    {
      "label": "牧师2环法术",
      "entity": "Item",
      "name": "cleric-spell-level-2",
      "path": "packs/cleric-spell-level-2.db",
      "system": "dnd5e"
    },
    {
      "label": "牧师3环法术",
      "entity": "Item",
      "name": "cleric-spell-level-3",
      "path": "packs/cleric-spell-level-3.db",
      "system": "dnd5e"
    },
    {
      "label": "牧师4环法术",
      "entity": "Item",
      "name": "cleric-spell-level-4",
      "path": "packs/cleric-spell-level-4.db",
      "system": "dnd5e"
    },
    {
      "label": "牧师5环法术",
      "entity": "Item",
      "name": "cleric-spell-level-5",
      "path": "packs/cleric-spell-level-5.db",
      "system": "dnd5e"
    },
    {
      "label": "牧师6环法术",
      "entity": "Item",
      "name": "cleric-spell-level-6",
      "path": "packs/cleric-spell-level-6.db",
      "system": "dnd5e"
    },
    {
      "label": "牧师7环法术",
      "entity": "Item",
      "name": "cleric-spell-level-7",
      "path": "packs/cleric-spell-level-7.db",
      "system": "dnd5e"
    },
    {
      "label": "牧师8环法术",
      "entity": "Item",
      "name": "cleric-spell-level-8",
      "path": "packs/cleric-spell-level-8.db",
      "system": "dnd5e"
    },
    {
      "label": "牧师9环法术",
      "entity": "Item",
      "name": "cleric-spell-level-9",
      "path": "packs/cleric-spell-level-9.db",
      "system": "dnd5e"
    },
    {
      "label": "诗人1环法术",
      "entity": "Item",
      "name": "bard-spell-level-1",
      "path": "packs/bard-spell-level-1.db",
      "system": "dnd5e"
    },
    {
      "label": "诗人2环法术",
      "entity": "Item",
      "name": "bard-spell-level-2",
      "path": "packs/bard-spell-level-2.db",
      "system": "dnd5e"
    },
    {
      "label": "诗人3环法术",
      "entity": "Item",
      "name": "bard-spell-level-3",
      "path": "packs/bard-spell-level-3.db",
      "system": "dnd5e"
    },
    {
      "label": "诗人4环法术",
      "entity": "Item",
      "name": "bard-spell-level-4",
      "path": "packs/bard-spell-level-4.db",
      "system": "dnd5e"
    },
    {
      "label": "诗人5环法术",
      "entity": "Item",
      "name": "bard-spell-level-5",
      "path": "packs/bard-spell-level-5.db",
      "system": "dnd5e"
    },
    {
      "label": "诗人6环法术",
      "entity": "Item",
      "name": "bard-spell-level-6",
      "path": "packs/bard-spell-level-6.db",
      "system": "dnd5e"
    },
    {
      "label": "诗人7环法术",
      "entity": "Item",
      "name": "bard-spell-level-7",
      "path": "packs/bard-spell-level-7.db",
      "system": "dnd5e"
    },
    {
      "label": "诗人8环法术",
      "entity": "Item",
      "name": "bard-spell-level-8",
      "path": "packs/bard-spell-level-8.db",
      "system": "dnd5e"
    },
    {
      "label": "诗人9环法术",
      "entity": "Item",
      "name": "bard-spell-level-9",
      "path": "packs/bard-spell-level-9.db",
      "system": "dnd5e"
    },
    {
      "label": "诗人戏法",
      "entity": "Item",
      "name": "bard-cantrips",
      "path": "packs/bard-cantrips.db",
      "system": "dnd5e"
    },
    {
      "label": "圣武士1环法术",
      "entity": "Item",
      "name": "paladin-spell-level-1",
      "path": "packs/paladin-spell-level-1.db",
      "system": "dnd5e"
    },
    {
      "label": "圣武士2环法术",
      "entity": "Item",
      "name": "paladin-spell-level-2",
      "path": "packs/paladin-spell-level-2.db",
      "system": "dnd5e"
    },
    {
      "label": "圣武士3环法术",
      "entity": "Item",
      "name": "paladin-spell-level-3",
      "path": "packs/paladin-spell-level-3.db",
      "system": "dnd5e"
    },
    {
      "label": "圣武士4环法术",
      "entity": "Item",
      "name": "paladin-spell-level-4",
      "path": "packs/paladin-spell-level-4.db",
      "system": "dnd5e"
    },
    {
      "label": "圣武士5环法术",
      "entity": "Item",
      "name": "paladin-spell-level-5",
      "path": "packs/paladin-spell-level-5.db",
      "system": "dnd5e"
    },
    {
      "label": "德鲁伊戏法",
      "entity": "Item",
      "name": "druid-cantrips",
      "path": "packs/druid-cantrips.db",
      "system": "dnd5e"
    },
    {
      "label": "德鲁伊1环法术",
      "entity": "Item",
      "name": "druid-spell-level-1",
      "path": "packs/druid-spell-level-1.db",
      "system": "dnd5e"
    },
    {
      "label": "德鲁伊2环法术",
      "entity": "Item",
      "name": "druid-spell-level-2",
      "path": "packs/druid-spell-level-2.db",
      "system": "dnd5e"
    },
    {
      "label": "德鲁伊3环法术",
      "entity": "Item",
      "name": "druid-spell-level-3",
      "path": "packs/druid-spell-level-3.db",
      "system": "dnd5e"
    },
    {
      "label": "德鲁伊4环法术",
      "entity": "Item",
      "name": "druid-spell-level-4",
      "path": "packs/druid-spell-level-4.db",
      "system": "dnd5e"
    },
    {
      "label": "德鲁伊5环法术",
      "entity": "Item",
      "name": "druid-spell-level-5",
      "path": "packs/druid-spell-level-5.db",
      "system": "dnd5e"
    },
    {
      "label": "德鲁伊6环法术",
      "entity": "Item",
      "name": "druid-spell-level-6",
      "path": "packs/druid-spell-level-6.db",
      "system": "dnd5e"
    },
    {
      "label": "德鲁伊7环法术",
      "entity": "Item",
      "name": "druid-spell-level-7",
      "path": "packs/druid-spell-level-7.db",
      "system": "dnd5e"
    },
    {
      "label": "德鲁伊8环法术",
      "entity": "Item",
      "name": "druid-spell-level-8",
      "path": "packs/druid-spell-level-8.db",
      "system": "dnd5e"
    },
    {
      "label": "德鲁伊9环法术",
      "entity": "Item",
      "name": "druid-spell-level-9",
      "path": "packs/druid-spell-level-9.db",
      "system": "dnd5e"
    },
    {
      "label": "术士戏法",
      "entity": "Item",
      "name": "sorcerer-cantrips",
      "path": "packs/sorcerer-cantrips.db",
      "system": "dnd5e"
    },
    {
      "label": "术士1环法术",
      "entity": "Item",
      "name": "sorcerer-spell-level-1",
      "path": "packs/sorcerer-spell-level-1.db",
      "system": "dnd5e"
    },
    {
      "label": "术士2环法术",
      "entity": "Item",
      "name": "sorcerer-spell-level-2",
      "path": "packs/sorcerer-spell-level-2.db",
      "system": "dnd5e"
    },
    {
      "label": "术士3环法术",
      "entity": "Item",
      "name": "sorcerer-spell-level-3",
      "path": "packs/sorcerer-spell-level-3.db",
      "system": "dnd5e"
    },
    {
      "label": "术士4环法术",
      "entity": "Item",
      "name": "sorcerer-spell-level-4",
      "path": "packs/sorcerer-spell-level-4.db",
      "system": "dnd5e"
    },
    {
      "label": "术士5环法术",
      "entity": "Item",
      "name": "sorcerer-spell-level-5",
      "path": "packs/sorcerer-spell-level-5.db",
      "system": "dnd5e"
    },
    {
      "label": "术士6环法术",
      "entity": "Item",
      "name": "sorcerer-spell-level-6",
      "path": "packs/sorcerer-spell-level-6.db",
      "system": "dnd5e"
    },
    {
      "label": "术士7环法术",
      "entity": "Item",
      "name": "sorcerer-spell-level-7",
      "path": "packs/sorcerer-spell-level-7.db",
      "system": "dnd5e"
    },
    {
      "label": "术士8环法术",
      "entity": "Item",
      "name": "sorcerer-spell-level-8",
      "path": "packs/sorcerer-spell-level-8.db",
      "system": "dnd5e"
    },
    {
      "label": "术士9环法术",
      "entity": "Item",
      "name": "sorcerer-spell-level-9",
      "path": "packs/sorcerer-spell-level-9.db",
      "system": "dnd5e"
    },
    {
      "label": "游侠1环法术",
      "entity": "Item",
      "name": "ranger-spell-level-1",
      "path": "packs/ranger-spell-level-1.db",
      "system": "dnd5e"
    },
    {
      "label": "游侠2环法术",
      "entity": "Item",
      "name": "ranger-spell-level-2",
      "path": "packs/ranger-spell-level-2.db",
      "system": "dnd5e"
    },
    {
      "label": "游侠3环法术",
      "entity": "Item",
      "name": "ranger-spell-level-3",
      "path": "packs/ranger-spell-level-3.db",
      "system": "dnd5e"
    },
    {
      "label": "游侠4环法术",
      "entity": "Item",
      "name": "ranger-spell-level-4",
      "path": "packs/ranger-spell-level-4.db",
      "system": "dnd5e"
    },
    {
      "label": "游侠5环法术",
      "entity": "Item",
      "name": "ranger-spell-level-5",
      "path": "packs/ranger-spell-level-5.db",
      "system": "dnd5e"
    },
    {
      "label": "法师戏法",
      "entity": "Item",
      "name": "wizard-cantrips",
      "path": "packs/wizard-cantrips.db",
      "system": "dnd5e"
    },
    {
      "label": "法师1环法术",
      "entity": "Item",
      "name": "wizard-spell-level-1",
      "path": "packs/wizard-spell-level-1.db",
      "system": "dnd5e"
    },
    {
      "label": "法师2环法术",
      "entity": "Item",
      "name": "wizard-spell-level-2",
      "path": "packs/wizard-spell-level-2.db",
      "system": "dnd5e"
    },
    {
      "label": "法师3环法术",
      "entity": "Item",
      "name": "wizard-spell-level-3",
      "path": "packs/wizard-spell-level-3.db",
      "system": "dnd5e"
    },
    {
      "label": "法师4环法术",
      "entity": "Item",
      "name": "wizard-spell-level-4",
      "path": "packs/wizard-spell-level-4.db",
      "system": "dnd5e"
    },
    {
      "label": "法师5环法术",
      "entity": "Item",
      "name": "wizard-spell-level-5",
      "path": "packs/wizard-spell-level-5.db",
      "system": "dnd5e"
    },
    {
      "label": "法师6环法术",
      "entity": "Item",
      "name": "wizard-spell-level-6",
      "path": "packs/wizard-spell-level-6.db",
      "system": "dnd5e"
    },
    {
      "label": "法师7环法术",
      "entity": "Item",
      "name": "wizard-spell-level-7",
      "path": "packs/wizard-spell-level-7.db",
      "system": "dnd5e"
    },
    {
      "label": "法师8环法术",
      "entity": "Item",
      "name": "wizard-spell-level-8",
      "path": "packs/wizard-spell-level-8.db",
      "system": "dnd5e"
    },
    {
      "label": "法师9环法术",
      "entity": "Item",
      "name": "wizard-spell-level-9",
      "path": "packs/wizard-spell-level-9.db",
      "system": "dnd5e"
    },
    {
      "label": "邪术师戏法",
      "entity": "Item",
      "name": "warlock-cantrips",
      "path": "packs/warlock-cantrips.db",
      "system": "dnd5e"
    },
    {
      "label": "邪术士1环法术",
      "entity": "Item",
      "name": "warlock-spell-level-1",
      "path": "packs/warlock-spell-level-1.db",
      "system": "dnd5e"
    },
    {
      "label": "邪术士2环法术",
      "entity": "Item",
      "name": "warlock-spell-level-2",
      "path": "packs/warlock-spell-level-2.db",
      "system": "dnd5e"
    },
    {
      "label": "邪术士3环法术",
      "entity": "Item",
      "name": "warlock-spell-level-3",
      "path": "packs/warlock-spell-level-3.db",
      "system": "dnd5e"
    },
    {
      "label": "邪术士4环法术",
      "entity": "Item",
      "name": "warlock-spell-level-4",
      "path": "packs/warlock-spell-level-4.db",
      "system": "dnd5e"
    },
    {
      "label": "邪术士5环法术",
      "entity": "Item",
      "name": "warlock-spell-level-5",
      "path": "packs/warlock-spell-level-5.db",
      "system": "dnd5e"
    },
    {
      "label": "邪术士6环法术",
      "entity": "Item",
      "name": "warlock-spell-level-6",
      "path": "packs/warlock-spell-level-6.db",
      "system": "dnd5e"
    },
    {
      "label": "邪术士7环法术",
      "entity": "Item",
      "name": "warlock-spell-level-7",
      "path": "packs/warlock-spell-level-7.db",
      "system": "dnd5e"
    },
    {
      "label": "邪术士8环法术",
      "entity": "Item",
      "name": "warlock-spell-level-8",
      "path": "packs/warlock-spell-level-8.db",
      "system": "dnd5e"
    },
{
      "label": "随机表",
      "entity": "RollTable",
      "name": "rtable",
      "path": "packs/rtable.db",
      "system": "dnd5e"
    },
{
      "label": "扩展职业特性",
      "entity": "Item",
      "name": "extra-ability",
      "path": "packs/extra-ability.db",
      "system": "dnd5e"
    },
{
      "label": "职业表",
      "entity": "JournalEntry",
      "name": "class-table",
      "path": "packs/class-table.db",
      "system": "dnd5e"
    },
{
     "label": "职业列表",
      "entity": "Item",
      "name": "classes-new",
      "path": "packs/classes-new.db",
      "system": "dnd5e"
    },
{
      "label": "PHB职业特性（新图标）",
      "entity": "Item",
      "name": "class-abilityphb",
      "path": "packs/class-abilityphb.db",
      "system": "dnd5e"
    },
{
      "label": "PHB法术大全（新图标）",
      "entity": "Item",
      "name": "new-icon",
      "path": "packs/new-icon.db",
      "system": "dnd5e"
    },
{
      "label": "种族特性",
      "entity": "Item",
      "name": "racial-traits",
      "path": "packs/racial-traits.db",
      "system": "dnd5e"
    },
    {
      "label": "种族",
      "entity": "JournalEntry",
      "name": "races",
      "path": "packs/races.db",
      "system": "dnd5e"
    },
{
      "label": "物品（SRD）",
      "entity": "Item",
      "name": "itempack",
      "path": "packs/itempack.db",
      "system": "dnd5e"
    },
    {
      "label": "邪术士9环法术",
      "entity": "Item",
      "name": "warlock-spell-level-9",
      "path": "packs/warlock-spell-level-9.db",
      "system": "dnd5e"
    },
{
      "label": "专长（补全）",
      "entity": "Item",
      "name": "feats-all",
      "path": "packs/feats-all.db",
      "system": "dnd5e"
    },
    {
      "label": "怪物（SRD）",
      "entity": "Actor",
      "name": "monsterspack",
      "path": "packs/monsterspack.db",
      "system": "dnd5e"
    }
  ],
  "url": "https://github.com/HJSmile/classpack",
  "minimumCoreVersion": "0.5.0",
  "compatibleCoreVersion": "0.6.5",
  "manifest": "https://raw.githubusercontent.com/HJSmile/classpack/master/dnd5e_classpack/module.json",
  "download": "https://github.com/HJSmile/classpack/raw/master/dnd5e_classpack.zip"
}
