{
  "name": "dnd5e_classpack",
  "title": "DND5E职业包",
  "description": "包含了职业表和按环分类的法术包，方便车卡，包含部分UA规则，DM可以根据需要进行修改",
  "version": "1.0.22",
  "author": "classpack社区",
  "systems": ["dnd5e"],
  "scripts": [],
  "styles": [],
  "packs": [
   
    {
      "label": "术士戏法",
      "entity": "Item",
      "name": "sorcerer-cantrips",
      "path": "packs/sorcerer-cantrips.db",
      "system": "dnd5e"
    },
    {
      "label": "术士1环法术",
      "entity": "Item",
      "name": "sorcerer-spell-level-1",
      "path": "packs/sorcerer-spell-level-1.db",
      "system": "dnd5e"
    },
    {
      "label": "术士2环法术",
      "entity": "Item",
      "name": "sorcerer-spell-level-2",
      "path": "packs/sorcerer-spell-level-2.db",
      "system": "dnd5e"
    },
    {
      "label": "术士3环法术",
      "entity": "Item",
      "name": "sorcerer-spell-level-3",
      "path": "packs/sorcerer-spell-level-3.db",
      "system": "dnd5e"
    },
    {
      "label": "术士4环法术",
      "entity": "Item",
      "name": "sorcerer-spell-level-4",
      "path": "packs/sorcerer-spell-level-4.db",
      "system": "dnd5e"
    },
    {
      "label": "术士5环法术",
      "entity": "Item",
      "name": "sorcerer-spell-level-5",
      "path": "packs/sorcerer-spell-level-5.db",
      "system": "dnd5e"
    },
    {
      "label": "术士6环法术",
      "entity": "Item",
      "name": "sorcerer-spell-level-6",
      "path": "packs/sorcerer-spell-level-6.db",
      "system": "dnd5e"
    },
    {
      "label": "术士7环法术",
      "entity": "Item",
      "name": "sorcerer-spell-level-7",
      "path": "packs/sorcerer-spell-level-7.db",
      "system": "dnd5e"
    },
    {
      "label": "术士8环法术",
      "entity": "Item",
      "name": "sorcerer-spell-level-8",
      "path": "packs/sorcerer-spell-level-8.db",
      "system": "dnd5e"
    },
    {
      "label": "术士9环法术",
      "entity": "Item",
      "name": "sorcerer-spell-level-9",
      "path": "packs/sorcerer-spell-level-9.db",
      "system": "dnd5e"
    },
    {
      "label": "法师戏法",
      "entity": "Item",
      "name": "wizard-cantrips",
      "path": "packs/wizard-cantrips.db",
      "system": "dnd5e"
    },
    {
      "label": "法师1环法术",
      "entity": "Item",
      "name": "wizard-spell-level-1",
      "path": "packs/wizard-spell-level-1.db",
      "system": "dnd5e"
    },
    {
      "label": "法师2环法术",
      "entity": "Item",
      "name": "wizard-spell-level-2",
      "path": "packs/wizard-spell-level-2.db",
      "system": "dnd5e"
    },
    {
      "label": "法师3环法术",
      "entity": "Item",
      "name": "wizard-spell-level-3",
      "path": "packs/wizard-spell-level-3.db",
      "system": "dnd5e"
    },
    {
      "label": "法师4环法术",
      "entity": "Item",
      "name": "wizard-spell-level-4",
      "path": "packs/wizard-spell-level-4.db",
      "system": "dnd5e"
    },
    {
      "label": "法师5环法术",
      "entity": "Item",
      "name": "wizard-spell-level-5",
      "path": "packs/wizard-spell-level-5.db",
      "system": "dnd5e"
    },
    {
      "label": "法师6环法术",
      "entity": "Item",
      "name": "wizard-spell-level-6",
      "path": "packs/wizard-spell-level-6.db",
      "system": "dnd5e"
    },
    {
      "label": "法师7环法术",
      "entity": "Item",
      "name": "wizard-spell-level-7",
      "path": "packs/wizard-spell-level-7.db",
      "system": "dnd5e"
    },
    {
      "label": "法师8环法术",
      "entity": "Item",
      "name": "wizard-spell-level-8",
      "path": "packs/wizard-spell-level-8.db",
      "system": "dnd5e"
    },
    {
      "label": "法师9环法术",
      "entity": "Item",
      "name": "wizard-spell-level-9",
      "path": "packs/wizard-spell-level-9.db",
      "system": "dnd5e"
    },
{
      "label": "随机表",
      "entity": "RollTable",
      "name": "rtable",
      "path": "packs/rtable.db",
      "system": "dnd5e"
    },
{
      "label": "扩展职业特性",
      "entity": "Item",
      "name": "extra-ability",
      "path": "packs/extra-ability.db",
      "system": "dnd5e"
    },
{
      "label": "职业表",
      "entity": "JournalEntry",
      "name": "class-table",
      "path": "packs/class-table.db",
      "system": "dnd5e"
    },
{
     "label": "职业列表",
      "entity": "Item",
      "name": "classes-new",
      "path": "packs/classes-new.db",
      "system": "dnd5e"
    },
{
      "label": "PHB职业特性（新图标）",
      "entity": "Item",
      "name": "class-abilityphb",
      "path": "packs/class-abilityphb.db",
      "system": "dnd5e"
    },
{
      "label": "法术合集",
      "entity": "Item",
      "name": "new-icon",
      "path": "packs/new-icon.db",
      "system": "dnd5e"
    },
{
      "label": "种族特性",
      "entity": "Item",
      "name": "racial-traits",
      "path": "packs/racial-traits.db",
      "system": "dnd5e"
    },
    {
      "label": "种族",
      "entity": "JournalEntry",
      "name": "races",
      "path": "packs/races.db",
      "system": "dnd5e"
    },
{
      "label": "物品（SRD）",
      "entity": "Item",
      "name": "itempack",
      "path": "packs/itempack.db",
      "system": "dnd5e"
    },
    {
      "label": "法术表",
      "entity": "JournalEntry",
      "name": "spell-table",
      "path": "packs/spell-table.db",
      "system": "dnd5e"
    },
{
      "label": "专长（补全）",
      "entity": "Item",
      "name": "feats-all",
      "path": "packs/feats-all.db",
      "system": "dnd5e"
    },
    {
      "label": "怪物（SRD）",
      "entity": "Actor",
      "name": "monsterspack",
      "path": "packs/monsterspack.db",
      "system": "dnd5e"
    }
  ],
  "url": "https://github.com/HJSmile/classpack",
  "minimumCoreVersion": "0.5.0",
  "compatibleCoreVersion": "0.6.5",
  "manifest": "https://raw.githubusercontent.com/HJSmile/classpack/master/dnd5e_classpack/module.json",
  "download": "https://github.com/HJSmile/classpack/raw/master/dnd5e_classpack.zip"
}
