{
  "title": "DND5E职业包",
  "description": "<p>包含了职业表和按环分类的法术包，方便车卡，包含部分UA规则，DM可以根据需要进行修改。BUG反馈与建议：Q群1083272094</p><p><b>注意：需要搭配 FVTT v11 与 DND5e v2.2.0以上版本使用</b></p>",
  "version": "2.2.1",
  "authors": [
    {
      "name": "classpack社区",
      "url": "https://github.com/HJSmile/classpack"
    }
  ],
  "packs": [
    {
      "label": "随机表",
      "name": "rtable",
      "type": "RollTable",
      "system": "dnd5e",
      "path": "packs/rtable"
    },
    {
      "label": "模组物品",
      "name": "moditems",
      "type": "Item",
      "system": "dnd5e",
      "path": "packs/moditems"
    },
    {
      "label": "DMG宝石与艺术品",
      "name": "loots",
      "type": "Item",
      "system": "dnd5e",
      "path": "packs/loots"
    },
    {
      "label": "扩展职业特性",
      "name": "extra-ability",
      "type": "Item",
      "system": "dnd5e",
      "path": "packs/extra-ability"
    },
    {
      "label": "职业表",
      "name": "class-table",
      "type": "JournalEntry",
      "system": "dnd5e",
      "path": "packs/class-table"
    },
    {
      "label": "职业列表",
      "name": "classes-new",
      "type": "Item",
      "system": "dnd5e",
      "path": "packs/classes-new"
    },
    {
      "label": "PHB职业特性",
      "name": "class-abilityphb",
      "type": "Item",
      "system": "dnd5e",
      "path": "packs/class-abilityphb"
    },
    {
      "label": "法术",
      "name": "new-icon",
      "type": "Item",
      "system": "dnd5e",
      "path": "packs/new-icon"
    },
    {
      "label": "种族特性",
      "name": "racial-traits",
      "type": "Item",
      "system": "dnd5e",
      "path": "packs/racial-traits"
    },
    {
      "label": "种族",
      "name": "races",
      "type": "JournalEntry",
      "system": "dnd5e",
      "path": "packs/races"
    },
    {
      "label": "DMG与PHB物品",
      "name": "itempack",
      "type": "Item",
      "system": "dnd5e",
      "path": "packs/itempack"
    },
    {
      "label": "法术表",
      "name": "spell-table",
      "type": "JournalEntry",
      "system": "dnd5e",
      "path": "packs/spell-table"
    },
    {
      "label": "专长",
      "name": "feats-all",
      "type": "Item",
      "system": "dnd5e",
      "path": "packs/feats-all"
    },
    {
      "label": "子职列表",
      "name": "subclass",
      "type": "Item",
      "system": "dnd5e",
      "path": "packs/subclass"
    },
    {
      "label": "背景列表",
      "name": "BackgroundList",
      "type": "Item",
      "system": "dnd5e",
      "path": "packs/BackgroundList"
    },
    {
      "label": "背景特性",
      "name": "BackgroundFeature",
      "type": "Item",
      "system": "dnd5e",
      "path": "packs/BackgroundFeature"
    },
    {
      "label": "怪物（SRD）",
      "name": "monsterspack",
      "type": "Actor",
      "system": "dnd5e",
      "path": "packs/monsterspack"
    }
  ],
  "url": "https://github.com/HJSmile/classpack",
  "compatibility": {
    "minimum": "11",
    "verified": "11",
    "maximum": "11"
  },
  "manifest": "https://raw.githubusercontent.com/HJSmile/classpack/master/dnd5e_classpack/module.json",
  "download": "https://github.com/HJSmile/classpack/raw/master/dnd5e_classpack.zip",
  "id": "dnd5e_classpack",
  "relationships": {
    "systems": [
      {
        "id": "dnd5e",
        "type": "system"
      }
    ]
  }
}