{
  "name": "dnd5e_classpack",
  "title": "DND5E职业包",
  "description": "包含了职业表和按环分类的法术包，方便车卡，包含部分UA规则，DM可以根据需要进行修改",
  "version": "1.5",
  "author": "classpack社区",
  "systems": ["dnd5e"],
  "scripts": [],
  "styles": [],
  "packs": [
   
{
      "label": "随机表",
      "entity": "RollTable",
      "name": "rtable",
      "path": "packs/rtable.db",
      "system": "dnd5e"
    },
{
      "label": "扩展职业特性",
      "entity": "Item",
      "name": "extra-ability",
      "path": "packs/extra-ability.db",
      "system": "dnd5e"
    },
{
      "label": "职业表",
      "entity": "JournalEntry",
      "name": "class-table",
      "path": "packs/class-table.db",
      "system": "dnd5e"
    },
{
     "label": "职业列表",
      "entity": "Item",
      "name": "classes-new",
      "path": "packs/classes-new.db",
      "system": "dnd5e"
    },
{
      "label": "PHB职业特性（新图标）",
      "entity": "Item",
      "name": "class-abilityphb",
      "path": "packs/class-abilityphb.db",
      "system": "dnd5e"
    },
{
      "label": "法术合集",
      "entity": "Item",
      "name": "new-icon",
      "path": "packs/new-icon.db",
      "system": "dnd5e"
    },
{
      "label": "种族特性",
      "entity": "Item",
      "name": "racial-traits",
      "path": "packs/racial-traits.db",
      "system": "dnd5e"
    },
    {
      "label": "种族",
      "entity": "JournalEntry",
      "name": "races",
      "path": "packs/races.db",
      "system": "dnd5e"
    },
{
      "label": "物品（SRD）",
      "entity": "Item",
      "name": "itempack",
      "path": "packs/itempack.db",
      "system": "dnd5e"
    },
    {
      "label": "法术表",
      "entity": "JournalEntry",
      "name": "spell-table",
      "path": "packs/spell-table.db",
      "system": "dnd5e"
    },
{
      "label": "专长（补全）",
      "entity": "Item",
      "name": "feats-all",
      "path": "packs/feats-all.db",
      "system": "dnd5e"
    },
    {
      "label": "怪物（SRD）",
      "entity": "Actor",
      "name": "monsterspack",
      "path": "packs/monsterspack.db",
      "system": "dnd5e"
    }
  ],
  "url": "https://github.com/HJSmile/classpack",
  "minimumCoreVersion": "0.5.0",
  "compatibleCoreVersion": "0.6.5",
  "manifest": "https://raw.githubusercontent.com/HJSmile/classpack/master/dnd5e_classpack/module.json",
  "download": "https://github.com/HJSmile/classpack/raw/master/dnd5e_classpack.zip"
}
